variable,gini
PIB PPP,0.7849360985271447
CO₂ territorial,0.8073083048521805
CO₂ consumo,0.8001959109651895
Energía final,0.7762965992367206
Material (consumo),0.7703594559883054
